Rank* (UB),Rank (StyleCtrl),Model Markup,Model,Arena Score,95% CI,Votes,Organization,License,Knowledge Cutoff
1,1,"<a target=""_blank"" href=""http://aistudio.google.com/app/prompts/new_chat?model=gemini-2.5-pro-exp-03-25"" style=""color: var(--link-text-color); text-decoration: underline;text-decoration-style: dotted;"">Gemini-2.5-Pro-Exp-03-25</a>",Gemini-2.5-Pro-Exp-03-25,1443,+11/-8,3474,Google,Proprietary,Unknown
2,2,"<a target=""_blank"" href=""https://x.com/OpenAI/status/1905331956856050135"" style=""color: var(--link-text-color); text-decoration: underline;text-decoration-style: dotted;"">ChatGPT-4o-latest (2025-03-26)</a>",ChatGPT-4o-latest (2025-03-26),1408,+11/-12,2676,OpenAI,Proprietary,Unknown
2,4,"<a target=""_blank"" href=""https://x.ai/blog/grok-3"" style=""color: var(--link-text-color); text-decoration: underline;text-decoration-style: dotted;"">Grok-3-Preview-02-24</a>",Grok-3-Preview-02-24,1404,+6/-6,10397,xAI,Proprietary,Unknown
2,4,"<a target=""_blank"" href=""https://x.com/lmarena_ai/status/1891706264800936307"" style=""color: var(--link-text-color); text-decoration: underline;text-decoration-style: dotted;"">chocolate (Early Grok-3)</a>",chocolate (Early Grok-3),1402,+5/-7,13853,xAI,Proprietary,Unknown
2,2,"<a target=""_blank"" href=""https://openai.com/index/introducing-gpt-4-5/"" style=""color: var(--link-text-color); text-decoration: underline;text-decoration-style: dotted;"">GPT-4.5-Preview</a>",GPT-4.5-Preview,1398,+6/-7,10907,OpenAI,Proprietary,Unknown
6,9,"<a target=""_blank"" href=""https://aistudio.google.com/prompts/new_chat?model=gemini-2.0-flash-thinking-exp-01-21"" style=""color: var(--link-text-color); text-decoration: underline;text-decoration-style: dotted;"">Gemini-2.0-Flash-Thinking-Exp-01-21</a>",Gemini-2.0-Flash-Thinking-Exp-01-21,1381,+4/-5,22987,Google,Proprietary,Unknown
6,6,"<a target=""_blank"" href=""https://aistudio.google.com/prompts/new_chat?model=gemini-2.0-pro-exp-02-05"" style=""color: var(--link-text-color); text-decoration: underline;text-decoration-style: dotted;"">Gemini-2.0-Pro-Exp-02-05</a>",Gemini-2.0-Pro-Exp-02-05,1380,+5/-4,20289,Google,Proprietary,Unknown
6,4,"<a target=""_blank"" href=""https://help.openai.com/en/articles/9624314-model-release-notes"" style=""color: var(--link-text-color); text-decoration: underline;text-decoration-style: dotted;"">ChatGPT-4o-latest (2025-01-29)</a>",ChatGPT-4o-latest (2025-01-29),1374,+5/-4,22840,OpenAI,Proprietary,Unknown
9,7,"<a target=""_blank"" href=""https://api-docs.deepseek.com/news/news250120"" style=""color: var(--link-text-color); text-decoration: underline;text-decoration-style: dotted;"">DeepSeek-R1</a>",DeepSeek-R1,1360,+5/-4,13074,DeepSeek,MIT,Unknown
9,14,"<a target=""_blank"" href=""https://aistudio.google.com/app/prompts/new_chat?instructions=lmsys-1121&model=gemini-2.0-flash-001"" style=""color: var(--link-text-color); text-decoration: underline;text-decoration-style: dotted;"">Gemini-2.0-Flash-001</a>",Gemini-2.0-Flash-001,1355,+6/-4,18650,Google,Proprietary,Unknown
9,6,"<a target=""_blank"" href=""https://openai.com/index/o1-and-new-tools-for-developers/"" style=""color: var(--link-text-color); text-decoration: underline;text-decoration-style: dotted;"">o1-2024-12-17</a>",o1-2024-12-17,1351,+5/-4,25363,OpenAI,Proprietary,Unknown
12,14,"<a target=""_blank"" href=""https://qwenlm.github.io/blog/qwen2.5-max/"" style=""color: var(--link-text-color); text-decoration: underline;text-decoration-style: dotted;"">Qwen2.5-Max</a>",Qwen2.5-Max,1340,+5/-5,17452,Alibaba,Proprietary,Unknown
12,14,"<a target=""_blank"" href=""http://aistudio.google.com/app/prompts/new_chat?model=gemma-3-27b-it"" style=""color: var(--link-text-color); text-decoration: underline;text-decoration-style: dotted;"">Gemma-3-27B-it</a>",Gemma-3-27B-it,1339,+7/-5,7238,Google,Gemma,Unknown
12,11,"<a target=""_blank"" href=""https://platform.openai.com/docs/models/o1"" style=""color: var(--link-text-color); text-decoration: underline;text-decoration-style: dotted;"">o1-preview</a>",o1-preview,1335,+4/-3,33188,OpenAI,Proprietary,2023/10
14,14,"<a target=""_blank"" href=""https://platform.openai.com/docs/guides/reasoning#reasoning-effort"" style=""color: var(--link-text-color); text-decoration: underline;text-decoration-style: dotted;"">o3-mini-high</a>",o3-mini-high,1326,+6/-5,14587,OpenAI,Proprietary,Unknown
15,17,"<a target=""_blank"" href=""https://huggingface.co/deepseek-ai/DeepSeek-V3"" style=""color: var(--link-text-color); text-decoration: underline;text-decoration-style: dotted;"">DeepSeek-V3</a>",DeepSeek-V3,1318,+5/-4,22842,DeepSeek,DeepSeek,Unknown
15,21,"<a target=""_blank"" href=""https://huggingface.co/Qwen/QwQ-32B"" style=""color: var(--link-text-color); text-decoration: underline;text-decoration-style: dotted;"">QwQ-32B</a>",QwQ-32B,1315,+9/-8,4366,Alibaba,Apache 2.0,Unknown
16,21,"<a target=""_blank"" href=""https://bigmodel.cn/dev/howuse/glm-4"" style=""color: var(--link-text-color); text-decoration: underline;text-decoration-style: dotted;"">GLM-4-Plus-0111</a>",GLM-4-Plus-0111,1310,+8/-7,6031,Zhipu,Proprietary,Unknown
16,18,"<a target=""_blank"" href=""https://aistudio.google.com/prompts/new_chat?model=gemini-2.0-flash-lite"" style=""color: var(--link-text-color); text-decoration: underline;text-decoration-style: dotted;"">Gemini-2.0-Flash-Lite</a>",Gemini-2.0-Flash-Lite,1310,+5/-4,18449,Google,Proprietary,Unknown
16,18,"<a target=""_blank"" href=""https://cohere.com/blog/command-a"" style=""color: var(--link-text-color); text-decoration: underline;text-decoration-style: dotted;"">Command A (03-2025)</a>",Command A (03-2025),1310,+10/-7,3762,Cohere,CC-BY-NC-4.0,Unknown
16,20,"<a target=""_blank"" href=""https://www.alibabacloud.com/help/en/model-studio/developer-reference/what-is-qwen-llm"" style=""color: var(--link-text-color); text-decoration: underline;text-decoration-style: dotted;"">Qwen-Plus-0125</a>",Qwen-Plus-0125,1310,+8/-8,6059,Alibaba,Proprietary,Unknown
16,6,"<a target=""_blank"" href=""https://www.anthropic.com/news/claude-3-7-sonnet"" style=""color: var(--link-text-color); text-decoration: underline;text-decoration-style: dotted;"">Claude 3.7 Sonnet (thinking-32k)</a>",Claude 3.7 Sonnet (thinking-32k),1305,+10/-7,5246,Anthropic,Proprietary,Unknown
17,18,"<a target=""_blank"" href=""https://openai.com/index/openai-o3-mini/"" style=""color: var(--link-text-color); text-decoration: underline;text-decoration-style: dotted;"">o3-mini</a>",o3-mini,1305,+5/-4,21085,OpenAI,Proprietary,Unknown
17,25,"<a target=""_blank"" href=""https://platform.stepfun.com/docs/llm/text"" style=""color: var(--link-text-color); text-decoration: underline;text-decoration-style: dotted;"">Step-2-16K-Exp</a>",Step-2-16K-Exp,1304,+6/-8,5131,StepFun,Proprietary,Unknown
17,18,"<a target=""_blank"" href=""https://cloud.tencent.com/document/product/1729/104753"" style=""color: var(--link-text-color); text-decoration: underline;text-decoration-style: dotted;"">Hunyuan-TurboS-20250226</a>",Hunyuan-TurboS-20250226,1302,+9/-12,2459,Tencent,Proprietary,Unknown
18,25,"<a target=""_blank"" href=""https://platform.openai.com/docs/models/o1"" style=""color: var(--link-text-color); text-decoration: underline;text-decoration-style: dotted;"">o1-mini</a>",o1-mini,1304,+3/-3,54977,OpenAI,Proprietary,2023/10
18,25,"<a target=""_blank"" href=""https://huggingface.co/nvidia/Llama-3_3-Nemotron-Super-49B-v1"" style=""color: var(--link-text-color); text-decoration: underline;text-decoration-style: dotted;"">Llama-3.3-Nemotron-Super-49B-v1</a>",Llama-3.3-Nemotron-Super-49B-v1,1296,+11/-14,2380,Nvidia,Nvidia,Unknown
19,19,"<a target=""_blank"" href=""https://aistudio.google.com/app/prompts/new_chat?instructions=lmsys&model=gemini-1.5-pro-002"" style=""color: var(--link-text-color); text-decoration: underline;text-decoration-style: dotted;"">Gemini-1.5-Pro-002</a>",Gemini-1.5-Pro-002,1302,+3/-3,58685,Google,Proprietary,Unknown
19,20,"<a target=""_blank"" href=""https://cloud.tencent.com/document/product/1729/104753"" style=""color: var(--link-text-color); text-decoration: underline;text-decoration-style: dotted;"">Hunyuan-Turbo-0110</a>",Hunyuan-Turbo-0110,1296,+10/-9,2509,Tencent,Proprietary,Unknown
22,11,"<a target=""_blank"" href=""https://www.anthropic.com/news/claude-3-7-sonnet"" style=""color: var(--link-text-color); text-decoration: underline;text-decoration-style: dotted;"">Claude 3.7 Sonnet</a>",Claude 3.7 Sonnet,1295,+6/-6,10520,Anthropic,Proprietary,Unknown
27,27,"<a target=""_blank"" href=""https://x.ai/blog/grok-2"" style=""color: var(--link-text-color); text-decoration: underline;text-decoration-style: dotted;"">Grok-2-08-13</a>",Grok-2-08-13,1288,+3/-3,67103,xAI,Proprietary,2024/3
27,32,"<a target=""_blank"" href=""https://platform.lingyiwanwu.com/docs#%E6%A8%A1%E5%9E%8B%E4%B8%8E%E8%AE%A1%E8%B4%B9"" style=""color: var(--link-text-color); text-decoration: underline;text-decoration-style: dotted;"">Yi-Lightning</a>",Yi-Lightning,1287,+4/-3,28971,01 AI,Proprietary,Unknown
29,21,"<a target=""_blank"" href=""https://openai.com/index/hello-gpt-4o/"" style=""color: var(--link-text-color); text-decoration: underline;text-decoration-style: dotted;"">GPT-4o-2024-05-13</a>",GPT-4o-2024-05-13,1285,+3/-2,117763,OpenAI,Proprietary,2023/10
29,42,"<a target=""_blank"" href=""https://help.aliyun.com/zh/model-studio/getting-started/models?spm=a2c4g.11186623.0.i7"" style=""color: var(--link-text-color); text-decoration: underline;text-decoration-style: dotted;"">Qwen2.5-plus-1127</a>",Qwen2.5-plus-1127,1282,+7/-6,10719,Alibaba,Proprietary,Unknown
30,14,"<a target=""_blank"" href=""https://www.anthropic.com/news/3-5-models-and-computer-use"" style=""color: var(--link-text-color); text-decoration: underline;text-decoration-style: dotted;"">Claude 3.5 Sonnet (20241022)</a>",Claude 3.5 Sonnet (20241022),1283,+3/-3,62790,Anthropic,Proprietary,2024/4
31,36,"<a target=""_blank"" href=""https://huggingface.co/deepseek-ai/DeepSeek-V2.5-1210"" style=""color: var(--link-text-color); text-decoration: underline;text-decoration-style: dotted;"">Deepseek-v2.5-1210</a>",Deepseek-v2.5-1210,1279,+6/-7,7248,DeepSeek,DeepSeek,Unknown
34,31,"<a target=""_blank"" href=""https://cloud.tencent.com/document/product/1729/104753"" style=""color: var(--link-text-color); text-decoration: underline;text-decoration-style: dotted;"">Hunyuan-Large-2025-02-10</a>",Hunyuan-Large-2025-02-10,1272,+10/-8,3860,Tencent,Proprietary,Unknown
35,43,"<a target=""_blank"" href=""https://huggingface.co/Nexusflow/Athene-V2-Chat"" style=""color: var(--link-text-color); text-decoration: underline;text-decoration-style: dotted;"">Athene-v2-Chat-72B</a>",Athene-v2-Chat-72B,1275,+4/-3,26106,NexusFlow,NexusFlow,Unknown
35,40,"<a target=""_blank"" href=""https://bigmodel.cn/dev/howuse/glm-4"" style=""color: var(--link-text-color); text-decoration: underline;text-decoration-style: dotted;"">GLM-4-Plus</a>",GLM-4-Plus,1274,+5/-4,27783,Zhipu AI,Proprietary,Unknown
36,41,"<a target=""_blank"" href=""https://openai.com/index/gpt-4o-mini-advancing-cost-efficient-intelligence/"" style=""color: var(--link-text-color); text-decoration: underline;text-decoration-style: dotted;"">GPT-4o-mini-2024-07-18</a>",GPT-4o-mini-2024-07-18,1272,+3/-3,69608,OpenAI,Proprietary,2023/10
36,44,"<a target=""_blank"" href=""https://aistudio.google.com/app/prompts/new_chat?instructions=lmsys&model=gemini-1.5-flash-002"" style=""color: var(--link-text-color); text-decoration: underline;text-decoration-style: dotted;"">Gemini-1.5-Flash-002</a>",Gemini-1.5-Flash-002,1271,+4/-4,37013,Google,Proprietary,Unknown
36,56,"<a target=""_blank"" href=""https://huggingface.co/nvidia/Llama-3.1-Nemotron-70B-Instruct"" style=""color: var(--link-text-color); text-decoration: underline;text-decoration-style: dotted;"">Llama-3.1-Nemotron-70B-Instruct</a>",Llama-3.1-Nemotron-70B-Instruct,1269,+6/-6,7579,Nvidia,Llama 3.1,2023/12
37,26,"<a target=""_blank"" href=""https://ai.meta.com/blog/meta-llama-3-1/"" style=""color: var(--link-text-color); text-decoration: underline;text-decoration-style: dotted;"">Meta-Llama-3.1-405B-Instruct-bf16</a>",Meta-Llama-3.1-405B-Instruct-bf16,1268,+4/-3,40069,Meta,Llama 3.1 Community,2023/12
38,23,"<a target=""_blank"" href=""https://www.anthropic.com/news/claude-3-5-sonnet"" style=""color: var(--link-text-color); text-decoration: underline;text-decoration-style: dotted;"">Claude 3.5 Sonnet (20240620)</a>",Claude 3.5 Sonnet (20240620),1268,+2/-2,86173,Anthropic,Proprietary,2024/4
38,26,"<a target=""_blank"" href=""https://ai.meta.com/blog/meta-llama-3-1/"" style=""color: var(--link-text-color); text-decoration: underline;text-decoration-style: dotted;"">Meta-Llama-3.1-405B-Instruct-fp8</a>",Meta-Llama-3.1-405B-Instruct-fp8,1267,+3/-3,63064,Meta,Llama 3.1 Community,2023/12
38,25,"<a target=""_blank"" href=""https://gemini.google.com/advanced"" style=""color: var(--link-text-color); text-decoration: underline;text-decoration-style: dotted;"">Gemini Advanced App (2024-05-14)</a>",Gemini Advanced App (2024-05-14),1267,+3/-2,52161,Google,Proprietary,Online
38,52,"<a target=""_blank"" href=""https://x.ai/blog/grok-2"" style=""color: var(--link-text-color); text-decoration: underline;text-decoration-style: dotted;"">Grok-2-Mini-08-13</a>",Grok-2-Mini-08-13,1266,+3/-3,55453,xAI,Proprietary,2024/3
38,42,"<a target=""_blank"" href=""https://cloud.tencent.com/document/product/1729/104753"" style=""color: var(--link-text-color); text-decoration: underline;text-decoration-style: dotted;"">Hunyuan-Standard-2025-02-10</a>",Hunyuan-Standard-2025-02-10,1260,+11/-6,4022,Tencent,Proprietary,Unknown
40,27,"<a target=""_blank"" href=""https://platform.openai.com/docs/models/gpt-4o"" style=""color: var(--link-text-color); text-decoration: underline;text-decoration-style: dotted;"">GPT-4o-2024-08-06</a>",GPT-4o-2024-08-06,1265,+3/-3,47991,OpenAI,Proprietary,2023/10
41,42,"<a target=""_blank"" href=""https://help.aliyun.com/zh/dashscope/developer-reference/model-introduction"" style=""color: var(--link-text-color); text-decoration: underline;text-decoration-style: dotted;"">Qwen-Max-0919</a>",Qwen-Max-0919,1263,+4/-4,17433,Alibaba,Qwen,Unknown
47,37,"<a target=""_blank"" href=""https://aistudio.google.com/app/prompts/new_chat?model=gemini-1.5-pro"" style=""color: var(--link-text-color); text-decoration: underline;text-decoration-style: dotted;"">Gemini-1.5-Pro-001</a>",Gemini-1.5-Pro-001,1260,+3/-3,82459,Google,Proprietary,2023/11
47,49,"<a target=""_blank"" href=""https://huggingface.co/deepseek-ai/DeepSeek-V2.5"" style=""color: var(--link-text-color); text-decoration: underline;text-decoration-style: dotted;"">Deepseek-v2.5</a>",Deepseek-v2.5,1258,+5/-3,26353,DeepSeek,DeepSeek,Unknown
49,40,"<a target=""_blank"" href=""https://huggingface.co/meta-llama/Llama-3.3-70B-Instruct"" style=""color: var(--link-text-color); text-decoration: underline;text-decoration-style: dotted;"">Llama-3.3-70B-Instruct</a>",Llama-3.3-70B-Instruct,1257,+5/-4,34385,Meta,Llama-3.3,Unknown
49,56,"<a target=""_blank"" href=""https://qwenlm.github.io/blog/qwen2.5/"" style=""color: var(--link-text-color); text-decoration: underline;text-decoration-style: dotted;"">Qwen2.5-72B-Instruct</a>",Qwen2.5-72B-Instruct,1257,+4/-3,41544,Alibaba,Qwen,2024/9
49,37,"<a target=""_blank"" href=""https://platform.openai.com/docs/models/gpt-4-turbo-and-gpt-4"" style=""color: var(--link-text-color); text-decoration: underline;text-decoration-style: dotted;"">GPT-4-Turbo-2024-04-09</a>",GPT-4-Turbo-2024-04-09,1256,+3/-2,102199,OpenAI,Proprietary,2023/12
51,43,"<a target=""_blank"" href=""https://mistral.ai/news/mistral-large-2407/"" style=""color: var(--link-text-color); text-decoration: underline;text-decoration-style: dotted;"">Mistral-Large-2407</a>",Mistral-Large-2407,1251,+4/-3,48234,Mistral,Mistral Research,2024/7
52,52,"<a target=""_blank"" href=""https://huggingface.co/Nexusflow/Athene-70B"" style=""color: var(--link-text-color); text-decoration: underline;text-decoration-style: dotted;"">Athene-70B</a>",Athene-70B,1250,+4/-4,20596,NexusFlow,CC-BY-NC-4.0,2024/7
55,41,"<a target=""_blank"" href=""https://openai.com/blog/new-models-and-developer-products-announced-at-devday"" style=""color: var(--link-text-color); text-decoration: underline;text-decoration-style: dotted;"">GPT-4-1106-preview</a>",GPT-4-1106-preview,1250,+3/-2,103757,OpenAI,Proprietary,2023/4
56,56,"<a target=""_blank"" href=""https://huggingface.co/mistralai/Mistral-Large-Instruct-2411"" style=""color: var(--link-text-color); text-decoration: underline;text-decoration-style: dotted;"">Mistral-Large-2411</a>",Mistral-Large-2411,1248,+3/-5,27108,Mistral,MRL,Unknown
56,61,"<a target=""_blank"" href=""https://ai.meta.com/blog/meta-llama-3-1/"" style=""color: var(--link-text-color); text-decoration: underline;text-decoration-style: dotted;"">Meta-Llama-3.1-70B-Instruct</a>",Meta-Llama-3.1-70B-Instruct,1248,+4/-3,58677,Meta,Llama 3.1 Community,2023/12
56,38,"<a target=""_blank"" href=""https://www.anthropic.com/news/claude-3-family"" style=""color: var(--link-text-color); text-decoration: underline;text-decoration-style: dotted;"">Claude 3 Opus</a>",Claude 3 Opus,1247,+3/-2,202708,Anthropic,Proprietary,2023/8
56,62,"<a target=""_blank"" href=""https://docs.aws.amazon.com/nova/latest/userguide/what-is-nova.html"" style=""color: var(--link-text-color); text-decoration: underline;text-decoration-style: dotted;"">Amazon Nova Pro 1.0</a>",Amazon Nova Pro 1.0,1246,+5/-4,22370,Amazon,Proprietary,Unknown
56,59,"<a target=""_blank"" href=""https://huggingface.co/allenai/Llama-3.1-Tulu-3-70B"" style=""color: var(--link-text-color); text-decoration: underline;text-decoration-style: dotted;"">Llama-3.1-Tulu-3-70B</a>",Llama-3.1-Tulu-3-70B,1244,+7/-10,3015,Ai2,Llama 3.1,Unknown
57,44,"<a target=""_blank"" href=""https://openai.com/blog/new-models-and-developer-products-announced-at-devday"" style=""color: var(--link-text-color); text-decoration: underline;text-decoration-style: dotted;"">GPT-4-0125-preview</a>",GPT-4-0125-preview,1245,+3/-2,97096,OpenAI,Proprietary,2023/12
64,41,"<a target=""_blank"" href=""https://www.anthropic.com/news/3-5-models-and-computer-use"" style=""color: var(--link-text-color); text-decoration: underline;text-decoration-style: dotted;"">Claude 3.5 Haiku (20241022)</a>",Claude 3.5 Haiku (20241022),1237,+4/-3,29499,Anthropic,Propretary,Unknown
64,62,"<a target=""_blank"" href=""https://docs.reka.ai/available-models"" style=""color: var(--link-text-color); text-decoration: underline;text-decoration-style: dotted;"">Reka-Core-20240904</a>",Reka-Core-20240904,1235,+6/-5,7940,Reka AI,Proprietary,Unknown
67,64,"<a target=""_blank"" href=""https://aistudio.google.com/app/prompts/new_chat?model=gemini-1.5-flash"" style=""color: var(--link-text-color); text-decoration: underline;text-decoration-style: dotted;"">Gemini-1.5-Flash-001</a>",Gemini-1.5-Flash-001,1227,+3/-3,65684,Google,Proprietary,2023/11
67,62,"<a target=""_blank"" href=""https://www.ai21.com/jamba"" style=""color: var(--link-text-color); text-decoration: underline;text-decoration-style: dotted;"">Jamba-1.5-Large</a>",Jamba-1.5-Large,1221,+6/-6,9129,AI21 Labs,Jamba Open,2024/3
67,70,"<a target=""_blank"" href=""https://huggingface.co/Qwen/Qwen2.5-Coder-32B-Instruct"" style=""color: var(--link-text-color); text-decoration: underline;text-decoration-style: dotted;"">Qwen2.5-Coder-32B-Instruct</a>",Qwen2.5-Coder-32B-Instruct,1217,+7/-7,5730,Alibaba,Apache 2.0,Unknown
68,63,"<a target=""_blank"" href=""https://aistudio.google.com/app/prompts/new_chat?model=gemma-2-27b-it"" style=""color: var(--link-text-color); text-decoration: underline;text-decoration-style: dotted;"">Gemma-2-27B-it</a>",Gemma-2-27B-it,1220,+3/-3,79538,Google,Gemma license,2024/6
68,77,"<a target=""_blank"" href=""https://docs.aws.amazon.com/nova/latest/userguide/what-is-nova.html"" style=""color: var(--link-text-color); text-decoration: underline;text-decoration-style: dotted;"">Amazon Nova Lite 1.0</a>",Amazon Nova Lite 1.0,1217,+4/-4,20408,Amazon,Proprietary,Unknown
68,64,"<a target=""_blank"" href=""https://huggingface.co/princeton-nlp/gemma-2-9b-it-SimPO"" style=""color: var(--link-text-color); text-decoration: underline;text-decoration-style: dotted;"">Gemma-2-9B-it-SimPO</a>",Gemma-2-9B-it-SimPO,1216,+6/-5,10554,Princeton,MIT,2024/7
68,66,"<a target=""_blank"" href=""https://docs.cohere.com/docs/command-r-plus#model-details"" style=""color: var(--link-text-color); text-decoration: underline;text-decoration-style: dotted;"">Command R+ (08-2024)</a>",Command R+ (08-2024),1215,+5/-4,10540,Cohere,CC-BY-NC-4.0,2024/8
68,74,"<a target=""_blank"" href=""https://huggingface.co/mistralai/Mistral-Small-24B-Instruct-2501"" style=""color: var(--link-text-color); text-decoration: underline;text-decoration-style: dotted;"">Mistral-Small-24B-Instruct-2501</a>",Mistral-Small-24B-Instruct-2501,1214,+6/-6,12588,Mistral,Apache 2.0,Unknown
68,62,"<a target=""_blank"" href=""https://huggingface.co/nvidia/Llama-3_1-Nemotron-51B-Instruct"" style=""color: var(--link-text-color); text-decoration: underline;text-decoration-style: dotted;"">Llama-3.1-Nemotron-51B-Instruct</a>",Llama-3.1-Nemotron-51B-Instruct,1211,+9/-8,3886,Nvidia,Llama 3.1,2023/12
69,78,"<a target=""_blank"" href=""https://aistudio.google.com/app/prompts/new_chat?instructions=lmsys&model=gemini-1.5-flash-8b"" style=""color: var(--link-text-color); text-decoration: underline;text-decoration-style: dotted;"">Gemini-1.5-Flash-8B-001</a>",Gemini-1.5-Flash-8B-001,1212,+4/-3,37692,Google,Proprietary,Unknown
70,70,"<a target=""_blank"" href=""https://huggingface.co/nvidia/Nemotron-4-340B-Instruct"" style=""color: var(--link-text-color); text-decoration: underline;text-decoration-style: dotted;"">Nemotron-4-340B-Instruct</a>",Nemotron-4-340B-Instruct,1209,+4/-4,20611,Nvidia,NVIDIA Open Model,2023/6
71,77,"<a target=""_blank"" href=""https://huggingface.co/CohereForAI/aya-expanse-32b"" style=""color: var(--link-text-color); text-decoration: underline;text-decoration-style: dotted;"">Aya-Expanse-32B</a>",Aya-Expanse-32B,1209,+4/-3,28761,Cohere,CC-BY-NC-4.0,Unknown
71,73,"<a target=""_blank"" href=""https://open.bigmodel.cn/dev/api#language"" style=""color: var(--link-text-color); text-decoration: underline;text-decoration-style: dotted;"">GLM-4-0520</a>",GLM-4-0520,1206,+6/-4,10217,Zhipu AI,Proprietary,Unknown
73,70,"<a target=""_blank"" href=""https://docs.reka.ai/available-models"" style=""color: var(--link-text-color); text-decoration: underline;text-decoration-style: dotted;"">Reka-Flash-20240904</a>",Reka-Flash-20240904,1205,+5/-5,8134,Reka AI,Proprietary,Unknown
74,70,"<a target=""_blank"" href=""https://llama.meta.com/llama3/"" style=""color: var(--link-text-color); text-decoration: underline;text-decoration-style: dotted;"">Llama-3-70B-Instruct</a>",Llama-3-70B-Instruct,1206,+3/-2,163672,Meta,Llama 3 Community,2023/12
75,84,"<a target=""_blank"" href=""https://huggingface.co/microsoft/phi-4"" style=""color: var(--link-text-color); text-decoration: underline;text-decoration-style: dotted;"">Phi-4</a>",Phi-4,1204,+5/-4,21846,Microsoft,MIT,Unknown
79,70,"<a target=""_blank"" href=""https://www.anthropic.com/news/claude-3-family"" style=""color: var(--link-text-color); text-decoration: underline;text-decoration-style: dotted;"">Claude 3 Sonnet</a>",Claude 3 Sonnet,1201,+2/-2,113082,Anthropic,Proprietary,2023/8
81,92,"<a target=""_blank"" href=""https://docs.aws.amazon.com/nova/latest/userguide/what-is-nova.html"" style=""color: var(--link-text-color); text-decoration: underline;text-decoration-style: dotted;"">Amazon Nova Micro 1.0</a>",Amazon Nova Micro 1.0,1198,+4/-3,20428,Amazon,Proprietary,Unknown
83,92,"<a target=""_blank"" href=""https://cloud.tencent.com/document/product/1729/104753"" style=""color: var(--link-text-color); text-decoration: underline;text-decoration-style: dotted;"">Hunyuan-Standard-256K</a>",Hunyuan-Standard-256K,1189,+10/-10,2902,Tencent,Proprietary,Unknown
84,78,"<a target=""_blank"" href=""https://aistudio.google.com/app/prompts/new_chat?model=gemma-2-9b-it"" style=""color: var(--link-text-color); text-decoration: underline;text-decoration-style: dotted;"">Gemma-2-9B-it</a>",Gemma-2-9B-it,1192,+3/-3,57211,Google,Gemma license,2024/6
85,78,"<a target=""_blank"" href=""https://txt.cohere.com/command-r-plus-microsoft-azure/"" style=""color: var(--link-text-color); text-decoration: underline;text-decoration-style: dotted;"">Command R+ (04-2024)</a>",Command R+ (04-2024),1190,+3/-2,80864,Cohere,CC-BY-NC-4.0,2024/3
85,78,"<a target=""_blank"" href=""https://qwenlm.github.io/blog/qwen2/"" style=""color: var(--link-text-color); text-decoration: underline;text-decoration-style: dotted;"">Qwen2-72B-Instruct</a>",Qwen2-72B-Instruct,1187,+4/-3,38889,Alibaba,Qianwen LICENSE,2024/6
85,66,"<a target=""_blank"" href=""https://openai.com/research/gpt-4"" style=""color: var(--link-text-color); text-decoration: underline;text-decoration-style: dotted;"">GPT-4-0314</a>",GPT-4-0314,1186,+3/-3,55979,OpenAI,Proprietary,2021/9
85,93,"<a target=""_blank"" href=""https://huggingface.co/allenai/Llama-3.1-Tulu-3-8B"" style=""color: var(--link-text-color); text-decoration: underline;text-decoration-style: dotted;"">Llama-3.1-Tulu-3-8B</a>",Llama-3.1-Tulu-3-8B,1185,+8/-9,3073,Ai2,Llama 3.1,Unknown
86,92,"<a target=""_blank"" href=""https://huggingface.co/mistralai/Ministral-8B-Instruct-2410"" style=""color: var(--link-text-color); text-decoration: underline;text-decoration-style: dotted;"">Ministral-8B-2410</a>",Ministral-8B-2410,1182,+7/-7,5114,Mistral,MRL,Unknown
87,93,"<a target=""_blank"" href=""https://huggingface.co/CohereForAI/aya-expanse-8b"" style=""color: var(--link-text-color); text-decoration: underline;text-decoration-style: dotted;"">Aya-Expanse-8B</a>",Aya-Expanse-8B,1180,+7/-6,10392,Cohere,CC-BY-NC-4.0,Unknown
87,83,"<a target=""_blank"" href=""https://docs.cohere.com/docs/command-r-plus#model-details"" style=""color: var(--link-text-color); text-decoration: underline;text-decoration-style: dotted;"">Command R (08-2024)</a>",Command R (08-2024),1179,+5/-4,10847,Cohere,CC-BY-NC-4.0,2024/8
89,83,"<a target=""_blank"" href=""https://www.anthropic.com/news/claude-3-family"" style=""color: var(--link-text-color); text-decoration: underline;text-decoration-style: dotted;"">Claude 3 Haiku</a>",Claude 3 Haiku,1179,+3/-2,122355,Anthropic,Proprietary,2023/8
89,78,"<a target=""_blank"" href=""https://huggingface.co/deepseek-ai/DeepSeek-Coder-V2-Instruct"" style=""color: var(--link-text-color); text-decoration: underline;text-decoration-style: dotted;"">DeepSeek-Coder-V2-Instruct</a>",DeepSeek-Coder-V2-Instruct,1178,+4/-5,15752,DeepSeek AI,DeepSeek License,2024/6
89,92,"<a target=""_blank"" href=""https://www.ai21.com/jamba"" style=""color: var(--link-text-color); text-decoration: underline;text-decoration-style: dotted;"">Jamba-1.5-Mini</a>",Jamba-1.5-Mini,1176,+6/-6,9270,AI21 Labs,Jamba Open,2024/3
89,108,"<a target=""_blank"" href=""https://ai.meta.com/blog/meta-llama-3-1/"" style=""color: var(--link-text-color); text-decoration: underline;text-decoration-style: dotted;"">Meta-Llama-3.1-8B-Instruct</a>",Meta-Llama-3.1-8B-Instruct,1176,+3/-3,52603,Meta,Llama 3.1 Community,2023/12
98,77,"<a target=""_blank"" href=""https://platform.openai.com/docs/models/gpt-4-and-gpt-4-turbo"" style=""color: var(--link-text-color); text-decoration: underline;text-decoration-style: dotted;"">GPT-4-0613</a>",GPT-4-0613,1163,+3/-2,91635,OpenAI,Proprietary,2021/9
98,93,"<a target=""_blank"" href=""https://qwenlm.github.io/blog/qwen1.5-110b/"" style=""color: var(--link-text-color); text-decoration: underline;text-decoration-style: dotted;"">Qwen1.5-110B-Chat</a>",Qwen1.5-110B-Chat,1161,+4/-3,27437,Alibaba,Qianwen LICENSE,2024/4
98,108,"<a target=""_blank"" href=""https://huggingface.co/01-ai/Yi-1.5-34B-Chat"" style=""color: var(--link-text-color); text-decoration: underline;text-decoration-style: dotted;"">Yi-1.5-34B-Chat</a>",Yi-1.5-34B-Chat,1157,+4/-4,25138,01 AI,Apache-2.0,2024/5
98,125,"<a target=""_blank"" href=""https://huggingface.co/Qwen/QwQ-32B-Preview"" style=""color: var(--link-text-color); text-decoration: underline;text-decoration-style: dotted;"">QwQ-32B-Preview</a>",QwQ-32B-Preview,1153,+11/-10,3411,Alibaba,Apache 2.0,Unknown
99,92,"<a target=""_blank"" href=""https://mistral.ai/news/mistral-large/"" style=""color: var(--link-text-color); text-decoration: underline;text-decoration-style: dotted;"">Mistral-Large-2402</a>",Mistral-Large-2402,1157,+2/-3,64917,Mistral,Proprietary,Unknown
99,93,"<a target=""_blank"" href=""https://docs.reka.ai/http-api.html#generation"" style=""color: var(--link-text-color); text-decoration: underline;text-decoration-style: dotted;"">Reka-Flash-21B-online</a>",Reka-Flash-21B-online,1156,+4/-4,16020,Reka AI,Proprietary,Online
100,101,"<a target=""_blank"" href=""https://llama.meta.com/llama3/"" style=""color: var(--link-text-color); text-decoration: underline;text-decoration-style: dotted;"">Llama-3-8B-Instruct</a>",Llama-3-8B-Instruct,1152,+3/-2,109107,Meta,Llama 3 Community,2023/3
101,115,"<a target=""_blank"" href=""https://huggingface.co/internlm/internlm2_5-20b-chat"" style=""color: var(--link-text-color); text-decoration: underline;text-decoration-style: dotted;"">InternLM2.5-20B-chat</a>",InternLM2.5-20B-chat,1149,+5/-6,10601,InternLM,Other,2024/8
102,96,"<a target=""_blank"" href=""https://txt.cohere.com/command-r"" style=""color: var(--link-text-color); text-decoration: underline;text-decoration-style: dotted;"">Command R (04-2024)</a>",Command R (04-2024),1149,+3/-3,56386,Cohere,CC-BY-NC-4.0,2024/3
102,99,"<a target=""_blank"" href=""https://www.reka.ai/news/reka-flash-efficient-and-capable-multimodal-language-models"" style=""color: var(--link-text-color); text-decoration: underline;text-decoration-style: dotted;"">Reka-Flash-21B</a>",Reka-Flash-21B,1147,+4/-4,25813,Reka AI,Proprietary,2023/11
103,101,"<a target=""_blank"" href=""https://mistral.ai/news/la-plateforme/"" style=""color: var(--link-text-color); text-decoration: underline;text-decoration-style: dotted;"">Mistral Medium</a>",Mistral Medium,1148,+4/-3,35560,Mistral,Proprietary,Unknown
103,95,"<a target=""_blank"" href=""https://mistral.ai/news/mixtral-8x22b/"" style=""color: var(--link-text-color); text-decoration: underline;text-decoration-style: dotted;"">Mixtral-8x22b-Instruct-v0.1</a>",Mixtral-8x22b-Instruct-v0.1,1147,+3/-3,53775,Mistral,Apache 2.0,2024/4
103,95,"<a target=""_blank"" href=""https://qwenlm.github.io/blog/qwen1.5/"" style=""color: var(--link-text-color); text-decoration: underline;text-decoration-style: dotted;"">Qwen1.5-72B-Chat</a>",Qwen1.5-72B-Chat,1147,+4/-4,40667,Alibaba,Qianwen LICENSE,2024/2
103,104,"<a target=""_blank"" href=""https://huggingface.co/ibm-granite/granite-3.1-8b-instruct"" style=""color: var(--link-text-color); text-decoration: underline;text-decoration-style: dotted;"">Granite-3.1-8B-Instruct</a>",Granite-3.1-8B-Instruct,1143,+8/-10,3301,IBM,Apache 2.0,Unknown
104,114,"<a target=""_blank"" href=""https://aistudio.google.com/app/prompts/new_chat?model=gemma-2-2b-it"" style=""color: var(--link-text-color); text-decoration: underline;text-decoration-style: dotted;"">Gemma-2-2b-it</a>",Gemma-2-2b-it,1144,+4/-3,48911,Google,Gemma license,2024/7
112,95,"<a target=""_blank"" href=""https://aistudio.google.com/app/prompts/new_chat?model=gemini-1.0-pro"" style=""color: var(--link-text-color); text-decoration: underline;text-decoration-style: dotted;"">Gemini-1.0-Pro-001</a>",Gemini-1.0-Pro-001,1131,+4/-4,18809,Google,Proprietary,2023/4
112,105,"<a target=""_blank"" href=""https://huggingface.co/HuggingFaceH4/zephyr-orpo-141b-A35b-v0.1"" style=""color: var(--link-text-color); text-decoration: underline;text-decoration-style: dotted;"">Zephyr-ORPO-141b-A35b-v0.1</a>",Zephyr-ORPO-141b-A35b-v0.1,1127,+10/-9,4862,HuggingFace,Apache 2.0,2024/4
113,109,"<a target=""_blank"" href=""https://qwenlm.github.io/blog/qwen1.5-32b/"" style=""color: var(--link-text-color); text-decoration: underline;text-decoration-style: dotted;"">Qwen1.5-32B-Chat</a>",Qwen1.5-32B-Chat,1125,+3/-4,22764,Alibaba,Qianwen LICENSE,2024/2
113,118,"<a target=""_blank"" href=""https://huggingface.co/ibm-granite/granite-3.1-2b-instruct"" style=""color: var(--link-text-color); text-decoration: underline;text-decoration-style: dotted;"">Granite-3.1-2B-Instruct</a>",Granite-3.1-2B-Instruct,1119,+9/-9,3384,IBM,Apache 2.0,Unknown
114,114,"<a target=""_blank"" href=""https://huggingface.co/microsoft/Phi-3-medium-4k-instruct"" style=""color: var(--link-text-color); text-decoration: underline;text-decoration-style: dotted;"">Phi-3-Medium-4k-Instruct</a>",Phi-3-Medium-4k-Instruct,1123,+4/-4,26113,Microsoft,MIT,2023/10
114,125,"<a target=""_blank"" href=""https://huggingface.co/Nexusflow/Starling-LM-7B-beta"" style=""color: var(--link-text-color); text-decoration: underline;text-decoration-style: dotted;"">Starling-LM-7B-beta</a>",Starling-LM-7B-beta,1119,+5/-4,16673,Nexusflow,Apache-2.0,2024/3
116,105,"<a target=""_blank"" href=""https://blog.google/technology/ai/gemini-api-developers-cloud/"" style=""color: var(--link-text-color); text-decoration: underline;text-decoration-style: dotted;"">Gemini Pro</a>",Gemini Pro,1111,+7/-7,6559,Google,Proprietary,2023/4
117,120,"<a target=""_blank"" href=""https://huggingface.co/01-ai/Yi-34B-Chat"" style=""color: var(--link-text-color); text-decoration: underline;text-decoration-style: dotted;"">Yi-34B-Chat</a>",Yi-34B-Chat,1111,+4/-4,15921,01 AI,Yi License,2023/6
118,117,"<a target=""_blank"" href=""https://mistral.ai/news/mixtral-of-experts/"" style=""color: var(--link-text-color); text-decoration: underline;text-decoration-style: dotted;"">Mixtral-8x7B-Instruct-v0.1</a>",Mixtral-8x7B-Instruct-v0.1,1114,+0/-0,76142,Mistral,Apache 2.0,2023/12
119,118,"<a target=""_blank"" href=""https://qwenlm.github.io/blog/qwen1.5/"" style=""color: var(--link-text-color); text-decoration: underline;text-decoration-style: dotted;"">Qwen1.5-14B-Chat</a>",Qwen1.5-14B-Chat,1109,+4/-5,18681,Alibaba,Qianwen LICENSE,2024/2
119,118,"<a target=""_blank"" href=""https://huggingface.co/WizardLM/WizardLM-70B-V1.0"" style=""color: var(--link-text-color); text-decoration: underline;text-decoration-style: dotted;"">WizardLM-70B-v1.0</a>",WizardLM-70B-v1.0,1106,+5/-5,8382,Microsoft,Llama 2 Community,2023/8
120,105,"<a target=""_blank"" href=""https://platform.openai.com/docs/models/gpt-3-5-turbo"" style=""color: var(--link-text-color); text-decoration: underline;text-decoration-style: dotted;"">GPT-3.5-Turbo-0125</a>",GPT-3.5-Turbo-0125,1106,+3/-3,68883,OpenAI,Proprietary,2021/9
120,115,"<a target=""_blank"" href=""https://www.databricks.com/blog/introducing-dbrx-new-state-art-open-llm"" style=""color: var(--link-text-color); text-decoration: underline;text-decoration-style: dotted;"">DBRX-Instruct-Preview</a>",DBRX-Instruct-Preview,1103,+4/-3,33743,Databricks,DBRX LICENSE,2023/12
120,124,"<a target=""_blank"" href=""https://ai.meta.com/blog/llama-3-2-connect-2024-vision-edge-mobile-devices/"" style=""color: var(--link-text-color); text-decoration: underline;text-decoration-style: dotted;"">Meta-Llama-3.2-3B-Instruct</a>",Meta-Llama-3.2-3B-Instruct,1103,+7/-7,8395,Meta,Llama 3.2,2023/12
120,124,"<a target=""_blank"" href=""https://huggingface.co/allenai/tulu-2-dpo-70b"" style=""color: var(--link-text-color); text-decoration: underline;text-decoration-style: dotted;"">Tulu-2-DPO-70B</a>",Tulu-2-DPO-70B,1099,+8/-5,6660,AllenAI/UW,AI2 ImpACT Low-risk,2023/11
121,122,"<a target=""_blank"" href=""https://huggingface.co/microsoft/Phi-3-small-8k-instruct"" style=""color: var(--link-text-color); text-decoration: underline;text-decoration-style: dotted;"">Phi-3-Small-8k-Instruct</a>",Phi-3-Small-8k-Instruct,1102,+5/-3,18473,Microsoft,MIT,2023/10
124,115,"<a target=""_blank"" href=""https://huggingface.co/ibm-granite/granite-3.0-8b-instruct"" style=""color: var(--link-text-color); text-decoration: underline;text-decoration-style: dotted;"">Granite-3.0-8B-Instruct</a>",Granite-3.0-8B-Instruct,1093,+9/-6,7004,IBM,Apache 2.0,Unknown
127,135,"<a target=""_blank"" href=""https://huggingface.co/meta-llama/Llama-2-70b-chat-hf"" style=""color: var(--link-text-color); text-decoration: underline;text-decoration-style: dotted;"">Llama-2-70B-chat</a>",Llama-2-70B-chat,1093,+4/-3,39606,Meta,Llama 2 Community,2023/7
127,120,"<a target=""_blank"" href=""https://huggingface.co/openchat/openchat-3.5-0106"" style=""color: var(--link-text-color); text-decoration: underline;text-decoration-style: dotted;"">OpenChat-3.5-0106</a>",OpenChat-3.5-0106,1091,+7/-5,12991,OpenChat,Apache-2.0,2024/1
128,127,"<a target=""_blank"" href=""https://huggingface.co/lmsys/vicuna-33b-v1.3"" style=""color: var(--link-text-color); text-decoration: underline;text-decoration-style: dotted;"">Vicuna-33B</a>",Vicuna-33B,1091,+5/-4,22940,LMSYS,Non-commercial,2023/8
128,120,"<a target=""_blank"" href=""https://www.snowflake.com/blog/arctic-open-efficient-foundation-language-models-snowflake/"" style=""color: var(--link-text-color); text-decoration: underline;text-decoration-style: dotted;"">Snowflake Arctic Instruct</a>",Snowflake Arctic Instruct,1090,+4/-3,34184,Snowflake,Apache 2.0,2024/4
128,131,"<a target=""_blank"" href=""https://huggingface.co/berkeley-nest/Starling-LM-7B-alpha"" style=""color: var(--link-text-color); text-decoration: underline;text-decoration-style: dotted;"">Starling-LM-7B-alpha</a>",Starling-LM-7B-alpha,1088,+6/-6,10420,UC Berkeley,CC-BY-NC-4.0,2023/11
128,137,"<a target=""_blank"" href=""https://huggingface.co/NousResearch/Nous-Hermes-2-Mixtral-8x7B-DPO"" style=""color: var(--link-text-color); text-decoration: underline;text-decoration-style: dotted;"">Nous-Hermes-2-Mixtral-8x7B-DPO</a>",Nous-Hermes-2-Mixtral-8x7B-DPO,1084,+10/-8,3836,NousResearch,Apache-2.0,2024/1
129,136,"<a target=""_blank"" href=""https://huggingface.co/nvidia/Llama2-70B-SteerLM-Chat"" style=""color: var(--link-text-color); text-decoration: underline;text-decoration-style: dotted;"">NV-Llama2-70B-SteerLM-Chat</a>",NV-Llama2-70B-SteerLM-Chat,1080,+12/-9,3635,Nvidia,Llama 2 Community,2023/11
130,121,"<a target=""_blank"" href=""https://huggingface.co/google/gemma-1.1-7b-it"" style=""color: var(--link-text-color); text-decoration: underline;text-decoration-style: dotted;"">Gemma-1.1-7B-it</a>",Gemma-1.1-7B-it,1084,+5/-4,25067,Google,Gemma license,2024/2
132,125,"<a target=""_blank"" href=""https://huggingface.co/deepseek-ai/deepseek-llm-67b-chat"" style=""color: var(--link-text-color); text-decoration: underline;text-decoration-style: dotted;"">DeepSeek-LLM-67B-Chat</a>",DeepSeek-LLM-67B-Chat,1077,+10/-7,4989,DeepSeek AI,DeepSeek License,2023/11
134,123,"<a target=""_blank"" href=""https://huggingface.co/openchat/openchat_3.5"" style=""color: var(--link-text-color); text-decoration: underline;text-decoration-style: dotted;"">OpenChat-3.5</a>",OpenChat-3.5,1076,+8/-6,8109,OpenChat,Apache-2.0,2023/11
134,125,"<a target=""_blank"" href=""https://huggingface.co/teknium/OpenHermes-2.5-Mistral-7B"" style=""color: var(--link-text-color); text-decoration: underline;text-decoration-style: dotted;"">OpenHermes-2.5-Mistral-7B</a>",OpenHermes-2.5-Mistral-7B,1074,+11/-7,5090,NousResearch,Apache-2.0,2023/11
134,131,"<a target=""_blank"" href=""https://huggingface.co/ibm-granite/granite-3.0-2b-instruct"" style=""color: var(--link-text-color); text-decoration: underline;text-decoration-style: dotted;"">Granite-3.0-2B-Instruct</a>",Granite-3.0-2B-Instruct,1074,+9/-7,7190,IBM,Apache 2.0,Unknown
136,141,"<a target=""_blank"" href=""https://huggingface.co/mistralai/Mistral-7B-Instruct-v0.2"" style=""color: var(--link-text-color); text-decoration: underline;text-decoration-style: dotted;"">Mistral-7B-Instruct-v0.2</a>",Mistral-7B-Instruct-v0.2,1072,+4/-4,20065,Mistral,Apache-2.0,2023/12
136,141,"<a target=""_blank"" href=""https://huggingface.co/microsoft/Phi-3-mini-4k-instruct"" style=""color: var(--link-text-color); text-decoration: underline;text-decoration-style: dotted;"">Phi-3-Mini-4K-Instruct-June-24</a>",Phi-3-Mini-4K-Instruct-June-24,1070,+6/-5,12810,Microsoft,MIT,2023/10
136,134,"<a target=""_blank"" href=""https://huggingface.co/ehartford/dolphin-2.2.1-mistral-7b"" style=""color: var(--link-text-color); text-decoration: underline;text-decoration-style: dotted;"">Dolphin-2.2.1-Mistral-7B</a>",Dolphin-2.2.1-Mistral-7B,1063,+14/-15,1713,Cognitive Computations,Apache-2.0,2023/10
137,141,"<a target=""_blank"" href=""https://qwenlm.github.io/blog/qwen1.5/"" style=""color: var(--link-text-color); text-decoration: underline;text-decoration-style: dotted;"">Qwen1.5-7B-Chat</a>",Qwen1.5-7B-Chat,1070,+6/-7,4869,Alibaba,Qianwen LICENSE,2024/2
137,115,"<a target=""_blank"" href=""https://platform.openai.com/docs/models/gpt-3-5"" style=""color: var(--link-text-color); text-decoration: underline;text-decoration-style: dotted;"">GPT-3.5-Turbo-1106</a>",GPT-3.5-Turbo-1106,1068,+6/-5,17038,OpenAI,Proprietary,2021/9
138,145,"<a target=""_blank"" href=""https://huggingface.co/microsoft/Phi-3-mini-4k-instruct"" style=""color: var(--link-text-color); text-decoration: underline;text-decoration-style: dotted;"">Phi-3-Mini-4k-Instruct</a>",Phi-3-Mini-4k-Instruct,1066,+5/-4,21098,Microsoft,MIT,2023/10
138,140,"<a target=""_blank"" href=""https://huggingface.co/upstage/SOLAR-10.7B-Instruct-v1.0"" style=""color: var(--link-text-color); text-decoration: underline;text-decoration-style: dotted;"">SOLAR-10.7B-Instruct-v1.0</a>",SOLAR-10.7B-Instruct-v1.0,1062,+9/-9,4289,Upstage AI,CC-BY-NC-4.0,2023/11
141,145,"<a target=""_blank"" href=""https://huggingface.co/meta-llama/Llama-2-13b-chat-hf"" style=""color: var(--link-text-color); text-decoration: underline;text-decoration-style: dotted;"">Llama-2-13b-chat</a>",Llama-2-13b-chat,1063,+5/-4,19725,Meta,Llama 2 Community,2023/7
144,141,"<a target=""_blank"" href=""https://huggingface.co/WizardLM/WizardLM-13B-V1.2"" style=""color: var(--link-text-color); text-decoration: underline;text-decoration-style: dotted;"">WizardLM-13b-v1.2</a>",WizardLM-13b-v1.2,1059,+6/-8,7174,Microsoft,Llama 2 Community,2023/7
147,150,"<a target=""_blank"" href=""https://ai.meta.com/blog/llama-3-2-connect-2024-vision-edge-mobile-devices/"" style=""color: var(--link-text-color); text-decoration: underline;text-decoration-style: dotted;"">Meta-Llama-3.2-1B-Instruct</a>",Meta-Llama-3.2-1B-Instruct,1054,+8/-6,8524,Meta,Llama 3.2,2023/12
148,149,"<a target=""_blank"" href=""https://huggingface.co/HuggingFaceH4/zephyr-7b-beta"" style=""color: var(--link-text-color); text-decoration: underline;text-decoration-style: dotted;"">Zephyr-7B-beta</a>",Zephyr-7B-beta,1053,+6/-7,11322,HuggingFace,MIT,2023/10
148,145,"<a target=""_blank"" href=""https://huggingface.co/HuggingFaceTB/SmolLM2-1.7B-Instruct"" style=""color: var(--link-text-color); text-decoration: underline;text-decoration-style: dotted;"">SmolLM2-1.7B-Instruct</a>",SmolLM2-1.7B-Instruct,1046,+12/-12,2376,HuggingFace,Apache 2.0,Unknown
148,141,"<a target=""_blank"" href=""https://huggingface.co/mosaicml/mpt-30b-chat"" style=""color: var(--link-text-color); text-decoration: underline;text-decoration-style: dotted;"">MPT-30B-chat</a>",MPT-30B-chat,1045,+9/-10,2646,MosaicML,CC-BY-NC-SA-4.0,2023/6
148,150,"<a target=""_blank"" href=""https://huggingface.co/codellama/CodeLlama-70b-hf"" style=""color: var(--link-text-color); text-decoration: underline;text-decoration-style: dotted;"">CodeLlama-70B-instruct</a>",CodeLlama-70B-instruct,1041,+17/-14,1191,Meta,Llama 2 Community,2024/1
148,149,"<a target=""_blank"" href=""https://huggingface.co/HuggingFaceH4/zephyr-7b-alpha"" style=""color: var(--link-text-color); text-decoration: underline;text-decoration-style: dotted;"">Zephyr-7B-alpha</a>",Zephyr-7B-alpha,1041,+13/-14,1813,HuggingFace,MIT,2023/10
150,150,"<a target=""_blank"" href=""https://huggingface.co/codellama/CodeLlama-34b-Instruct-hf"" style=""color: var(--link-text-color); text-decoration: underline;text-decoration-style: dotted;"">CodeLlama-34B-instruct</a>",CodeLlama-34B-instruct,1043,+7/-7,7510,Meta,Llama 2 Community,2023/7
150,139,"<a target=""_blank"" href=""https://huggingface.co/tiiuae/falcon-180B-chat"" style=""color: var(--link-text-color); text-decoration: underline;text-decoration-style: dotted;"">falcon-180b-chat</a>",falcon-180b-chat,1034,+15/-17,1328,TII,Falcon-180B TII License,2023/9
152,144,"<a target=""_blank"" href=""https://huggingface.co/lmsys/vicuna-13b-v1.5"" style=""color: var(--link-text-color); text-decoration: underline;text-decoration-style: dotted;"">Vicuna-13B</a>",Vicuna-13B,1042,+4/-4,19775,LMSYS,Llama 2 Community,2023/7
153,150,"<a target=""_blank"" href=""https://huggingface.co/google/gemma-7b-it"" style=""color: var(--link-text-color); text-decoration: underline;text-decoration-style: dotted;"">Gemma-7B-it</a>",Gemma-7B-it,1037,+5/-6,9179,Google,Gemma license,2024/2
153,150,"<a target=""_blank"" href=""https://azure.microsoft.com/en-us/blog/introducing-phi-3-redefining-whats-possible-with-slms/"" style=""color: var(--link-text-color); text-decoration: underline;text-decoration-style: dotted;"">Phi-3-Mini-128k-Instruct</a>",Phi-3-Mini-128k-Instruct,1037,+5/-4,21638,Microsoft,MIT,2023/10
153,164,"<a target=""_blank"" href=""https://huggingface.co/meta-llama/Llama-2-7b-chat-hf"" style=""color: var(--link-text-color); text-decoration: underline;text-decoration-style: dotted;"">Llama-2-7B-chat</a>",Llama-2-7B-chat,1037,+6/-5,14529,Meta,Llama 2 Community,2023/7
153,142,"<a target=""_blank"" href=""https://huggingface.co/Qwen/Qwen-14B-Chat"" style=""color: var(--link-text-color); text-decoration: underline;text-decoration-style: dotted;"">Qwen-14B-Chat</a>",Qwen-14B-Chat,1035,+7/-8,5067,Alibaba,Qianwen LICENSE,2023/8
153,151,"<a target=""_blank"" href=""https://huggingface.co/timdettmers/guanaco-33b-merged"" style=""color: var(--link-text-color); text-decoration: underline;text-decoration-style: dotted;"">Guanaco-33B</a>",Guanaco-33B,1033,+9/-11,2998,UW,Non-commercial,2023/5
163,154,"<a target=""_blank"" href=""https://huggingface.co/google/gemma-1.1-2b-it"" style=""color: var(--link-text-color); text-decoration: underline;text-decoration-style: dotted;"">Gemma-1.1-2b-it</a>",Gemma-1.1-2b-it,1021,+5/-5,11348,Google,Gemma license,2024/2
163,156,"<a target=""_blank"" href=""https://huggingface.co/togethercomputer/StripedHyena-Nous-7B"" style=""color: var(--link-text-color); text-decoration: underline;text-decoration-style: dotted;"">StripedHyena-Nous-7B</a>",StripedHyena-Nous-7B,1017,+8/-10,5277,Together AI,Apache 2.0,2023/12
163,171,"<a target=""_blank"" href=""https://huggingface.co/allenai/OLMo-7B-Instruct"" style=""color: var(--link-text-color); text-decoration: underline;text-decoration-style: dotted;"">OLMo-7B-instruct</a>",OLMo-7B-instruct,1015,+7/-6,6509,Allen AI,Apache-2.0,2024/2
166,164,"<a target=""_blank"" href=""https://huggingface.co/mistralai/Mistral-7B-Instruct-v0.1"" style=""color: var(--link-text-color); text-decoration: underline;text-decoration-style: dotted;"">Mistral-7B-Instruct-v0.1</a>",Mistral-7B-Instruct-v0.1,1008,+6/-6,9145,Mistral,Apache 2.0,2023/9
166,164,"<a target=""_blank"" href=""https://huggingface.co/lmsys/vicuna-7b-v1.5"" style=""color: var(--link-text-color); text-decoration: underline;text-decoration-style: dotted;"">Vicuna-7B</a>",Vicuna-7B,1005,+6/-7,7014,LMSYS,Llama 2 Community,2023/7
166,152,"<a target=""_blank"" href=""https://cloud.google.com/vertex-ai/docs/generative-ai/learn/models#foundation_models"" style=""color: var(--link-text-color); text-decoration: underline;text-decoration-style: dotted;"">PaLM-Chat-Bison-001</a>",PaLM-Chat-Bison-001,1003,+8/-8,8716,Google,Proprietary,2021/6
170,169,"<a target=""_blank"" href=""https://huggingface.co/google/gemma-2b-it"" style=""color: var(--link-text-color); text-decoration: underline;text-decoration-style: dotted;"">Gemma-2B-it</a>",Gemma-2B-it,990,+8/-10,4921,Google,Gemma license,2024/2
170,166,"<a target=""_blank"" href=""https://qwenlm.github.io/blog/qwen1.5/"" style=""color: var(--link-text-color); text-decoration: underline;text-decoration-style: dotted;"">Qwen1.5-4B-Chat</a>",Qwen1.5-4B-Chat,988,+8/-8,7820,Alibaba,Qianwen LICENSE,2024/2
173,172,"<a target=""_blank"" href=""https://bair.berkeley.edu/blog/2023/04/03/koala/"" style=""color: var(--link-text-color); text-decoration: underline;text-decoration-style: dotted;"">Koala-13B</a>",Koala-13B,965,+8/-8,7022,UC Berkeley,Non-commercial,2023/4
173,173,"<a target=""_blank"" href=""https://huggingface.co/THUDM/chatglm3-6b"" style=""color: var(--link-text-color); text-decoration: underline;text-decoration-style: dotted;"">ChatGLM3-6B</a>",ChatGLM3-6B,955,+9/-8,4764,Tsinghua,Apache-2.0,2023/10
175,172,"<a target=""_blank"" href=""https://huggingface.co/nomic-ai/gpt4all-13b-snoozy"" style=""color: var(--link-text-color); text-decoration: underline;text-decoration-style: dotted;"">GPT4All-13B-Snoozy</a>",GPT4All-13B-Snoozy,932,+13/-14,1788,Nomic AI,Non-commercial,2023/3
175,173,"<a target=""_blank"" href=""https://huggingface.co/mosaicml/mpt-7b-chat"" style=""color: var(--link-text-color); text-decoration: underline;text-decoration-style: dotted;"">MPT-7B-Chat</a>",MPT-7B-Chat,928,+9/-11,3997,MosaicML,CC-BY-NC-SA-4.0,2023/5
175,178,"<a target=""_blank"" href=""https://huggingface.co/THUDM/chatglm2-6b"" style=""color: var(--link-text-color); text-decoration: underline;text-decoration-style: dotted;"">ChatGLM2-6B</a>",ChatGLM2-6B,924,+11/-11,2710,Tsinghua,Apache-2.0,2023/6
175,177,"<a target=""_blank"" href=""https://huggingface.co/BlinkDL/rwkv-4-raven"" style=""color: var(--link-text-color); text-decoration: underline;text-decoration-style: dotted;"">RWKV-4-Raven-14B</a>",RWKV-4-Raven-14B,922,+7/-9,4919,RWKV,Apache 2.0,2023/4
179,173,"<a target=""_blank"" href=""https://crfm.stanford.edu/2023/03/13/alpaca.html"" style=""color: var(--link-text-color); text-decoration: underline;text-decoration-style: dotted;"">Alpaca-13B</a>",Alpaca-13B,901,+7/-9,5864,Stanford,Non-commercial,2023/3
179,178,"<a target=""_blank"" href=""https://huggingface.co/OpenAssistant/oasst-sft-4-pythia-12b-epoch-3.5"" style=""color: var(--link-text-color); text-decoration: underline;text-decoration-style: dotted;"">OpenAssistant-Pythia-12B</a>",OpenAssistant-Pythia-12B,893,+7/-8,6370,OpenAssistant,Apache 2.0,2023/4
180,181,"<a target=""_blank"" href=""https://huggingface.co/THUDM/chatglm-6b"" style=""color: var(--link-text-color); text-decoration: underline;text-decoration-style: dotted;"">ChatGLM-6B</a>",ChatGLM-6B,879,+9/-9,4985,Tsinghua,Non-commercial,2023/3
181,181,"<a target=""_blank"" href=""https://huggingface.co/lmsys/fastchat-t5-3b-v1.0"" style=""color: var(--link-text-color); text-decoration: underline;text-decoration-style: dotted;"">FastChat-T5-3B</a>",FastChat-T5-3B,868,+7/-11,4287,LMSYS,Apache 2.0,2023/4
183,184,"<a target=""_blank"" href=""https://huggingface.co/stabilityai/stablelm-tuned-alpha-7b"" style=""color: var(--link-text-color); text-decoration: underline;text-decoration-style: dotted;"">StableLM-Tuned-Alpha-7B</a>",StableLM-Tuned-Alpha-7B,840,+12/-9,3337,Stability AI,CC-BY-NC-SA-4.0,2023/4
183,181,"<a target=""_blank"" href=""https://huggingface.co/databricks/dolly-v2-12b"" style=""color: var(--link-text-color); text-decoration: underline;text-decoration-style: dotted;"">Dolly-V2-12B</a>",Dolly-V2-12B,822,+11/-11,3483,Databricks,MIT,2023/4
184,182,"<a target=""_blank"" href=""https://arxiv.org/abs/2302.13971"" style=""color: var(--link-text-color); text-decoration: underline;text-decoration-style: dotted;"">LLaMA-13B</a>",LLaMA-13B,800,+13/-15,2446,Meta,Non-commercial,2023/2
